{
    "image": [
        118.72114562988281,
        158.624755859375,
        476.47113037109375,
        481.874755859375
    ],
    "aging_status": [
        186.61459350585938,
        401.0912170410156
    ],
    "summary": [
        65.78536987304688,
        478.493408203125
    ],
    "2": [
        98.28038024902344,
        390.2424621582031
    ],
    "recommendations": [
        64.64872741699219,
        116.64794921875
    ],
    "1": [
        98.28038024902344,
        259.80577087402344
    ],
    "subtext": [
        98.28038024902344,
        276.8569641113281
    ],
    "3": [
        98.28038024902344,
        520.1593627929688
    ],
    "4": [
        98.28038024902344,
        647.808837890625
    ],
    "5": [
        98.80964660644531,
        165.3913116455078
    ],
    "6": [
        98.80964660644531,
        298.1975402832031
    ],
    "7": [
        98.80964660644531,
        422.5719299316406
    ],
    "8": [
        98.80964660644531,
        564.2877197265625
    ],
    "conclusion": [
        117.07833862304688,
        661.8462524414062
    ]
}