{
    "final_conclusion": [
        70.87350463867188,
        684.5494384765625
    ],
    "1": [
        102.16613006591797,
        132.68549823760986
    ],
    "2": [
        102.16613006591797,
        172.9138536453247
    ],
    "3": [
        102.16613006591797,
        213.21275806427002
    ],
    "4": [
        102.16613006591797,
        253.56041431427002
    ],
    "5": [
        102.16613006591797,
        293.90829944610596
    ],
    "6": [
        102.16613006591797,
        334.99753284454346
    ],
    "7": [
        102.16613006591797,
        377.0837755203247
    ],
    "8": [
        102.16613006591797,
        417.75580310821533
    ],
    "9": [
        102.16613006591797,
        460.59579944610596
    ],
    "10": [
        102.16613006591797,
        501.65338611602783
    ],
    "11": [
        102.16613006591797,
        541.9883470535278
    ],
    "12": [
        102.16613006591797,
        582.3446702957153
    ],
    "13": [
        102.16613006591797,
        625.1251268386841
    ]
}